<?xml version="1.0"?>

<!DOCTYPE main [
<!ELEMENT main (hello)>
<!ELEMENT actor (#PCDATA)>
<!ATTLIST actor role CDATA #IMPLIED>
<!ATTLIST act id ID #REQUIRED>
<!ATTLIST cast gender (male|female|unknown) "unknown">
]>
<main>
This xml document tests attribute types. There are 3 types of attributes:

<actor role="Hamlet">
<P>1. String Type. String Type may take any literal string as a value.  </P>
</actor>

<act id="3">
<P>2. Set of Tokenized Types - A name must not appear more than once in an XML document as 
a value of this type. The tokenized types have varying lexical and semantic constraints. 
In other words, a tokenized attribute type represents a fixed set of keyword types with 
special meanings.</P>
</act>

<cast gender="male"> 
<P>3. Enumerated Type - You can specify the value of an attribute that must be taken from a specific list of names. 
There are two kinds of enumerated types: Enumeration, Notation Type. </P>
</cast>

<P> Expected result: No error should be displayed. </P>

</main>