<?xml version="1.0"?>

<!-- Testcase: char_ref_predefined.xml -->

<!-- Description: To test predefined character references in XML -->

<!-- Author:  Christine Dreckman  Date: 10/11/99 -->

<!-- 
   - The contents of this file are subject to the Mozilla Public
   - License Version 1.1 (the "License"); you may not use this file
   - except in compliance with the License. You may obtain a copy of
   - the License at http://www.mozilla.org/MPL/
   - 
   - Software distributed under the License is distributed on an "AS
   - IS" basis, WITHOUT WARRANTY OF ANY KIND, either express or
   - implied. See the License for the specific language governing
   - rights and limitations under the License.
   - 
   - The Original Code is Mozilla Communicator Test Cases.
   - 
   - The Initial Developer of the Original Code is Netscape Communications
   - Corp.  Portions created by Netscape Communications Corp. are 
   - Copyright (C) 1999 Netscape Communications Corp.  All
   - Rights Reserved.
   - 
   - Contributor(s): 
  -->
<!-- Purpose: To test predefined character references in XML -->

<!-- Expected result: Symbols should display next to their corresponding names -->

<doc>

<htmlname xmlns:html="http://www.w3.org/TR/REC-html40">

<html:h3>Predefined Character References</html:h3>

<html:p>Testing predefined character references, a symbol should display below next to its corresponding name.

</html:p>

<html:hr/>

<test1>Quotation mark&#160;&#160;&quot;</test1>

<html:br/>

<test1>Ampersand&#160;&#160;&amp;</test1>

<html:br/>

<test1>Less Than&#160;&#160;&lt;</test1>

<html:br/>

<test1>Greater Than&#160;&#160;&gt;</test1>

<html:br/>

</htmlname>

</doc>

