<?xml version = "1.0" standalone = "yes"?>
<?xml-stylesheet type="text/css" href="sample.css"?>
<!-- Description: To test the Element Mixed Content -->
<!-- Author:  Wlodzimierz Jedrzejewski Date: 08/01/2003 -->

<!-- Purpose: To test the Element Mixed Content -->
<!-- Expected result: The parser should rendered the page -->


<!DOCTYPE FILM [
<!ELEMENT FILM (#PCDATA|INFO|TITLE|GENRE|YEAR)*>

<!ELEMENT INFO (#PCDATA)>
<!ELEMENT TITLE (#PCDATA)>
<!ELEMENT GENRE (#PCDATA)>
<!ELEMENT YEAR (#PCDATA)>
]>

<FILM>

<INFO>
An element type has mixed content when elements of that type may contain character data, 
optionally interspersed with child elements. In some circumstances, you will wish to include
such parsed character data as a valid element. In this case, the types of the child elements
may be constrained, but not their order or their number of occurrences. The test is below.
</INFO>

<P><TITLE>Tootsie</TITLE>

<GENRE>comedy</GENRE>

<YEAR>1982</YEAR>
Critic: very funny movie!
</P>
<P> Expected result: The parser should rendered the page. No error should occure.</P>

</FILM>
