﻿<?xml version="1.0" encoding="UTF-8"?>
<?xml-stylesheet type="text/css"?>
<test>
Test for Language Identification - xml:lang attribute.
The page should display correctly characters from English, German and Finnish language.
<p xml:lang="en">This sentence is in English.</p>
<p xml:lang="en-GB">This sentence is in British English.</p>
<p xml:lang="en-US">This sentence is in American English.</p>
<p xml:lang="de">
  <l>Habe nun, ach! Philosophie,</l>
  <l>Juristerei, und Medizin</l>
  <l>und leider auch Theologie</l>
  <l>durchaus studiert mit heißem Bemüh'n.</l>
</p>
<p xml:lang="fi">
  <l>Muuttoilmoituksesi tai muuten työtilaasi.</l>
  <l>Ö Ä Å ö ä å</l>
</p>

</test>
